,A,B,C,D
2000-01-01,1.3363638814130103,-0.11149093866409407,-0.11858730767232309,2.273679084155419
2000-01-02,4.27718638952506,-0.5936006811715727,-0.42912690607848014,2.2730152812103266
2000-01-03,3.4085652807837947,-0.34639245511714317,0.6773861408880542,2.1457154297570207
2000-01-04,2.6016903676344034,-0.17520100930800037,-1.3597022406813195,2.172661090731034
2000-01-05,1.800545089076976,1.1178795326519466,-1.7150522265692947,2.660907140107523
2000-01-06,1.0024049193165188,0.39087359890106466,0.10395558625908952,5.442979993206862
2000-01-07,-0.27718883295998875,-0.5352311921584657,1.1710165489413915,5.661762643118786
2000-01-08,-1.3696854465187502,-2.067982993632896,1.9258771100207606,5.531854840915514
2000-01-09,-0.4460303509451726,-2.1109687567544846,1.4872260416675671,6.822330698315158
2000-01-10,0.19355602378920544,-1.28755470790227,1.3360139181117303,8.0410541958621
2000-01-11,0.05619646685608268,-0.6245883513423985,-0.6354556860869178,8.588176971004
2000-01-12,-1.7497522830456242,0.08732779078353514,-2.050545128722615,9.021383918723018
2000-01-13,-2.5260440347719113,-0.9719732569498735,-2.6028686784775683,9.987444340379596
2000-01-14,-2.734879518186616,-2.166543931927953,-1.5786697517775132,11.318074138489232
2000-01-15,-2.8632450948528327,-3.7773585610073708,-1.343582300409395,11.024742030070007
2000-01-16,-3.2902242467631004,-3.708763413563932,-2.525331673448382,10.01977305323596
2000-01-17,-3.8280693325350974,-3.8851539437522598,-2.8802058015018073,10.394878471281224
2000-01-18,-3.8674620591973228,-2.890306998069904,-2.655294294829882,8.745380773841658
2000-01-19,-4.599664106934329,0.20813633134025755,-1.6898638762754035,9.117760781372041
2000-01-20,-4.849349917976864,-1.5909447336998677,-2.3418660117420895,9.160982731087897
2000-01-21,-5.017991198747661,-4.247700587913608,-2.828962083441402,8.839532564022939
2000-01-22,-5.12765268473389,-3.1244511673403528,-2.7344268837219965,9.563775977533425
2000-01-23,-5.377068241172232,-1.9343573797295661,-2.1794323692577966,10.299997191583925
2000-01-24,-3.864185903844307,-2.8438305034412696,-2.223557903321354,11.64309925044796
2000-01-25,-5.2629351276800245,-2.6363680957288076,-0.9622596802073009,10.793138215855915
2000-01-26,-5.940441059817917,-3.0628509022966997,-1.3459080238442303,9.988232737327975
2000-01-27,-7.1567257422204955,-2.3632893795357135,-2.3684162351510762,10.78940671366543
2000-01-28,-7.301532675400387,-2.9512304971507297,-1.9925039771113235,10.975013953856067
2000-01-29,-7.351375050096934,-3.287379550362819,-2.1187236806064123,9.646756353533636
2000-01-30,-7.3928841026383125,-2.815162639817672,-1.8452882723366657,9.330246081111767
2000-01-31,-7.2449723748508,-2.9889032699652645,-2.0616615081740983,10.50437537380734
2000-02-01,-6.707976262288339,-3.751841876806802,-1.491268377032447,9.423486200066963
2000-02-02,-7.1830547041288515,-4.925845616587549,-1.4486430308091252,9.499967348470904
2000-02-03,-8.960537619840053,-4.434116125135819,-1.8608433300601572,8.195619349609057
2000-02-04,-9.351384384243635,-4.514349497149612,0.03287645688732033,8.440025367691137
2000-02-05,-9.148259477249134,-3.4607162187912284,0.11182641071524448,9.102164962739408
2000-02-06,-9.289512374639264,-4.12594651467558,-0.13135728231706068,9.242888350618214
2000-02-07,-8.008917533643814,-4.36833045911186,0.18966580383192683,10.989228078220664
2000-02-08,-7.308589815465588,-3.584408364397142,1.2197570067957806,10.294561490404712
2000-02-09,-7.993326868002929,-3.0583584677544833,1.1580947656372387,10.075098254651941
2000-02-10,-6.783736379838249,-2.5496790655236206,0.09268683257802901,10.400239692875227
2000-02-11,-3.8654098736882943,-4.495077358178464,-0.12472082471994347,11.34893872691343
2000-02-12,-3.9987167268264083,-3.445354905147488,-0.6615624595266748,11.65895723394161
2000-02-13,-3.8347591099996436,-3.6634042674459417,0.302055591212682,9.301723652792809
2000-02-14,-4.692230078077266,-2.30329246283437,0.22340906584678322,9.912847306051406
2000-02-15,-4.850687006421466,-2.155547085112124,-0.5715161906087273,9.547049961120933
2000-02-16,-3.3193837986371992,-2.3074977102833887,-0.9616891514130628,11.220248160036387
2000-02-17,-2.0922628511737345,-2.1496973073311896,-0.14605494089268056,11.035871797581853
2000-02-18,-3.1165526477916377,-2.2079684896166554,-1.9915335786303698,10.7413118311073
2000-02-19,-2.1064426159095686,-3.4017049297898465,-1.3815210143307444,11.827407748856615
2000-02-20,-4.227641322773843,-4.330067877483124,-2.291200277273269,9.474363051431682
2000-02-21,-2.770884388424821,-3.4774889632939945,-1.5810040248912305,8.9454900749015
2000-02-22,-3.1932113210597373,-2.4991370549969294,-2.3800163690329015,8.569124428895085
2000-02-23,-3.6183568259683567,-1.5449599809825418,-2.7852226926013866,8.312393960332217
2000-02-24,-4.833371055288753,-0.9783599472325326,-2.3465089796589775,5.470014332677609
2000-02-25,-3.221227153715886,0.16334337402015153,-2.019569672923666,6.028509632716659
2000-02-26,-3.6939361026059423,0.09495482477518989,-1.4746491382863627,4.550817673003932
2000-02-27,-1.802650716373679,1.1515459269523338,-4.141679954395725,4.360778602035452
2000-02-28,-1.6861656783903598,0.8004154430429011,-5.7910877248911286,7.0391450139482385
2000-02-29,-1.6550197111967198,2.2500954451875863,-6.317744254251064,6.816439929448913
2000-03-01,-2.2304998450723437,2.493607485946265,-6.614437387125979,5.975545202262834
2000-03-02,-1.4066876963657502,3.62535788828927,-7.271553252851271,5.919932942954749
2000-03-03,-2.3319938618499556,2.88393261264466,-8.097891267570803,4.65373714355424
2000-03-04,-2.485526157490803,0.6447048024999948,-8.719486567209723,4.02858269832616
2000-03-05,-2.471446472438546,0.1626042592906809,-8.557894702873355,4.219282258838531
2000-03-06,-1.548326501112078,-0.6400588472481354,-9.631462098239638,3.7793700626046487
2000-03-07,-0.8013627683305747,-1.3686975943654436,-10.737410256856899,0.9363463050264231
2000-03-08,-0.38351520993406624,-0.5684245373185137,-10.74980733461679,-0.08983651140691684
2000-03-09,-1.1058714969518764,-0.7051352853284107,-11.682174477557309,1.6374154522328979
2000-03-10,-0.8253356439248847,-1.7264234027237808,-13.101186213277558,0.5909204013709
2000-03-11,-0.7613365685092729,-1.7269988970558556,-14.318448255893934,1.1904895955057322
2000-03-12,-0.7232382748742182,-1.248656122720961,-14.152623157199582,1.6638773331421397
2000-03-13,-0.9761059180887254,-0.4480449921783384,-13.001178661467216,2.4951323887183867
2000-03-14,1.6131509375378563,-1.4708301889850226,-12.825292114077511,1.053491601187584
2000-03-15,2.9133112195179622,-3.2861102472585024,-14.34579780898745,-0.12986011244832252
2000-03-16,3.0741246994637375,-3.4680983471012876,-13.890845073428716,-0.935642594693887
2000-03-17,4.408884414154811,-3.5982975984022763,-13.76923917125033,-2.4735371363253553
2000-03-18,5.375891223319891,-4.124643769027364,-13.521970204604896,-2.161990571504663
2000-03-19,5.671574833341681,-3.038574685283572,-12.789940144266541,-1.133540710046884
2000-03-20,2.8542533624366415,-3.107002037855169,-12.624415042635095,0.5083688723083684
2000-03-21,1.9907071049482306,-3.909674732684176,-12.317634176683683,0.10143609045893665
2000-03-22,1.9646123412553966,-4.85734103472849,-12.108158237926428,0.20996873807998043
2000-03-23,2.2348799465069757,-4.958636257075341,-12.67123273947452,-1.0038854436858682
2000-03-24,2.164537552945539,-5.665181408363361,-13.236183301274608,-1.837310382550191
2000-03-25,1.159919223791317,-7.181677373649107,-13.100046096168892,1.2078469413624355
2000-03-26,0.8911288999252077,-7.416423442291514,-13.09231146360582,2.9034616075756126
2000-03-27,-0.3540243010476184,-7.061848732978897,-12.661452311059788,4.824745880569886
2000-03-28,-0.5377903357660596,-7.767236562907697,-11.440313561953946,4.192936222452692
2000-03-29,-2.669875534829159,-8.311520493481769,-11.365189501346052,5.090101796578237
2000-03-30,-2.299642406557191,-8.522872088528183,-10.775943040390107,6.024976315572433
2000-03-31,-2.061623018139165,-9.115186223054868,-11.490086901562012,5.734049463521718
2000-04-01,-1.606310173052199,-8.654816973468986,-11.67074113087459,6.5944183042958375
2000-04-02,-1.403054513600518,-8.835176377480654,-11.87976387818402,5.850547560881899
2000-04-03,-1.4390391503443012,-7.843452533917993,-12.11728974071133,5.469338019550137
2000-04-04,1.6189800508167727,-6.8330495247347365,-13.429404679063355,6.76660881626614
2000-04-05,-0.5147020748709661,-7.907910435749742,-14.602219443806511,7.350515608107772
2000-04-06,0.3575798057678853,-8.878586281856997,-13.675908656964316,6.204891720676683
2000-04-07,-0.4263858573105326,-9.163523431277389,-14.471456659705684,6.269176105584391
2000-04-08,-1.9763628166115677,-8.202600807323709,-15.206665376270374,5.779750963996129
2000-04-09,-0.4525396829121888,-7.776243989901781,-16.26903122962842,6.4740872283213395
2000-04-10,0.9842741405327544,-9.351809982398244,-16.46009292751254,6.260611955179141
2000-04-11,1.1245572661802639,-8.355973261199185,-15.384840667915983,7.56282976184448
2000-04-12,1.5283859166954594,-9.205696429160044,-15.659890893767946,8.90802330250305
2000-04-13,2.0225692795896326,-8.679107593282522,-14.720546084908195,8.526520584626248
2000-04-14,1.8056583398288981,-9.104363411583039,-13.832980759074532,8.737227144366274
2000-04-15,0.19736597191802674,-8.912332606123444,-15.032799831167651,10.214764301026834
2000-04-16,0.8210710013226822,-7.6419290700107405,-14.016481693902348,11.415341290392611
2000-04-17,-0.47709626205698485,-6.849786668581866,-16.336212204369875,11.461432617500165
2000-04-18,-1.0346014637725585,-6.608094481182846,-17.322927098625765,10.572828400246415
2000-04-19,-3.0765172937210994,-7.710842408858955,-16.954533418535405,10.040838718108157
2000-04-20,-3.7015220419890698,-7.639612373589344,-18.067073426150927,9.394558224322736
2000-04-21,-4.073935982290592,-8.234438768189984,-19.788838494664923,9.350349056030932
2000-04-22,-4.627202382005182,-7.723005122560494,-18.335506793197336,8.806278656742752
2000-04-23,-3.9757533326172556,-7.82053850845155,-18.916135342296883,10.379634468068309
2000-04-24,-2.9146217549899838,-7.405678660868407,-18.037637187101044,11.784520931644245
2000-04-25,-0.6160144252412878,-6.889382171978312,-16.248243852723597,12.45392184771951
2000-04-26,0.6882140432424928,-6.470007971986286,-15.18461681701815,13.811573459249853
2000-04-27,0.46423012454269663,-7.169455809974,-16.380257970074943,13.04412612799088
2000-04-28,1.07885927170898,-8.867564861341346,-17.45949709257825,14.354499377328658
2000-04-29,0.17144714455613075,-9.021478260098883,-17.339717121314106,13.847748270436666
2000-04-30,-1.6547633120362066,-9.425215478007662,-17.38483740645176,14.226848116497754
2000-05-01,-2.8116297056549318,-10.492149052847154,-17.714154533523683,15.47885160691498
2000-05-02,-1.8190067823132683,-10.314758304669553,-18.15255805174189,13.559014204030214
2000-05-03,-3.085769288644661,-8.869906533369788,-19.68556014181156,13.406583083416917
2000-05-04,-3.4067153147623572,-9.652105656003167,-18.29670413904575,14.111446622811666
2000-05-05,-4.696436028675292,-8.640972306238346,-18.272513400296056,13.924404131040477
2000-05-06,-4.798269280792103,-7.853781969447686,-16.230172899352606,15.601466405957495
2000-05-07,-5.006210868546443,-7.772282999539581,-15.112134577551904,16.432117033744323
2000-05-08,-5.404366652247621,-7.583893091511389,-13.86478292855955,17.06926953528718
2000-05-09,-5.117074154588279,-8.335640644330796,-15.112633207158924,17.236335377451283
2000-05-10,-3.7998276519149004,-9.189949610096644,-13.89097886689272,16.897881410402434
2000-05-11,-3.607905931449731,-8.435764111344259,-13.936412355423712,16.37390667064461
2000-05-12,-3.1870089575283105,-6.30357215194671,-14.915620634610981,15.974293717960204
2000-05-13,-4.012536255130558,-5.548560256036787,-13.661909181850511,16.443217862194857
2000-05-14,-3.4958668551723333,-5.999014088953337,-14.48552449728508,17.031813671154552
2000-05-15,-3.3900302988275755,-6.092105350425548,-14.556162625352467,17.36897508435545
2000-05-16,-5.146030369024759,-7.851736818149554,-15.1794658362216,18.268888784957372
2000-05-17,-7.251183482446358,-9.22348230222023,-14.793025490166729,19.448737126540745
2000-05-18,-7.6426808669422925,-9.838775541678782,-14.034450442661857,19.27815903483671
2000-05-19,-8.371161213911531,-9.23996581299694,-14.932122774113541,21.18727106590728
2000-05-20,-8.478900323629658,-9.876237790667231,-14.610945251687886,23.230656227401273
2000-05-21,-8.417140038649098,-9.847824153107009,-13.241962811711867,23.834861808325037
2000-05-22,-8.636577320602594,-8.306500413687097,-12.690922429790813,22.39201977162227
2000-05-23,-9.685855188658508,-7.945719484110779,-12.15758618668056,23.137048889458786
2000-05-24,-7.961829482194722,-10.710511898862961,-13.874612287990944,23.526919072575875
2000-05-25,-6.6630905392938296,-11.977803311191215,-12.933320380677166,20.94319710853603
2000-05-26,-7.340859079065481,-10.100831979122528,-12.998481934110398,21.213194279779856
2000-05-27,-6.644612810629325,-9.9173530708027,-12.364785798185467,20.76413424324383
2000-05-28,-7.156581579138616,-10.839716599303417,-11.820549566575057,21.726332361832952
2000-05-29,-6.608233376575802,-11.340232992741551,-12.593773505672994,20.4437467958501
2000-05-30,-8.313784904857679,-11.98800920522084,-14.915591454128617,19.64144005265953
2000-05-31,-7.14655058469577,-11.165271633112912,-13.862875455293334,20.02187732144441
2000-06-01,-6.9877879178692215,-10.089012175280264,-14.274525338327397,21.869583581960583
2000-06-02,-9.03375129012381,-8.975867367003467,-13.387257586769687,21.355160766050194
2000-06-03,-9.027637478600056,-8.941625089268786,-14.543417415123612,22.685053795758833
2000-06-04,-9.673129389808995,-9.61757526415804,-14.289900235114601,22.67308700604169
2000-06-05,-9.25878697577208,-10.155214390558998,-13.014948236858691,21.714601027326392
2000-06-06,-9.768264341802174,-10.989107823690315,-12.512228540700526,21.824721603608772
2000-06-07,-11.479261016675654,-11.719083471239802,-13.748011033219202,21.90596037664574
2000-06-08,-12.270164196390235,-11.046956997978112,-15.836507877403609,22.399858607553103
2000-06-09,-11.244698948309217,-10.512185318713705,-15.189189693762117,22.22104950820777
2000-06-10,-9.652314733512199,-10.505832622942927,-15.162354452836983,20.873562577727952
2000-06-11,-9.82003356665654,-11.20749742995076,-13.873522728239951,20.561738888065037
2000-06-12,-10.009019049948197,-10.319684691626655,-14.243518362798666,18.51784761167196
2000-06-13,-12.344971620048026,-10.032061579996672,-14.443795319236314,19.580576904375356
2000-06-14,-13.13092985723539,-10.26795781537912,-15.272467263216475,21.30367472996434
2000-06-15,-13.373491178598115,-11.203239220811467,-15.479393057778566,20.902249857173324
2000-06-16,-14.279877401227704,-13.073172745274594,-15.567909318001506,21.577464961672575
2000-06-17,-16.426748518875467,-13.220725175785729,-14.608018815108501,20.602047061272025
2000-06-18,-16.58615589045279,-15.013358108141869,-16.170670772866004,21.347287794321524
2000-06-19,-15.135878212569224,-14.561179720853366,-16.62132642729076,22.814743707815968
2000-06-20,-15.875821630211128,-15.60669090885184,-14.784742569209664,22.117063119586145
2000-06-21,-17.048330872009988,-15.661502525217248,-17.61555426038108,20.66415759466748
2000-06-22,-16.21863034112588,-15.39004511771443,-19.408557136002308,21.213834571999914
2000-06-23,-16.569893317888774,-15.235083435481766,-19.912344665219493,20.737367011523325
2000-06-24,-18.012651737295894,-16.81398611757866,-19.553288408513815,19.25523768464198
2000-06-25,-19.029427948414426,-16.637324165481882,-18.214930182669637,21.110039867133317
2000-06-26,-19.45647706319367,-17.87852972507647,-17.228856822371082,20.21709153359808
2000-06-27,-19.873796276859668,-18.609768147408126,-18.064119182168472,19.81052998775355
2000-06-28,-21.54522626319613,-17.892457399847153,-18.33085772422354,19.250160057096252
2000-06-29,-22.699302455653523,-16.31145123432555,-19.52154442932288,18.95502204338367
2000-06-30,-21.193187945751767,-15.012014556080075,-18.920604083910014,18.92810565116561
2000-07-01,-19.80946649405044,-15.111130363632169,-16.6464077808304,20.772902757182226
2000-07-02,-20.849346896251422,-15.200833953857924,-15.747579620095875,18.764870944353675
2000-07-03,-21.228928882087455,-15.165403230129197,-16.074862589080112,20.11997213760886
2000-07-04,-19.65772085674211,-17.767962765939465,-17.44483987166525,21.00345906738552
2000-07-05,-18.838592891056084,-18.130728617226975,-17.93861317920555,20.289505239939423
2000-07-06,-17.74734176054665,-20.615590931592664,-18.047244356274806,19.330329466578736
2000-07-07,-19.52656062449014,-21.752435841302553,-19.42448464582473,19.794012760451928
2000-07-08,-20.040869620856473,-21.219213734636664,-17.777137408590495,20.15427490724259
2000-07-09,-18.488232375050668,-22.13272926962,-17.535698577315404,20.73932000927763
2000-07-10,-18.745734986579592,-23.00756893659958,-18.027617373844233,21.63322043565066
2000-07-11,-16.816298461072257,-24.066860899081977,-18.115197381262444,20.80688342860433
2000-07-12,-16.520604987490717,-24.323423170730816,-20.040177158996517,21.385216926931125
2000-07-13,-16.271654000415392,-23.086153657141875,-20.02440971248581,20.836723913408655
2000-07-14,-16.284184778116128,-23.81218152079839,-21.4806033257856,20.631416082282623
2000-07-15,-16.41453794236742,-22.213750814866042,-21.208270360663672,20.07242771686135
2000-07-16,-15.201738048444158,-23.274575039530983,-20.371840891798502,19.48235153955661
2000-07-17,-15.856065976641727,-23.5880940538823,-18.560941570804673,20.512001926482352
2000-07-18,-15.293753383273405,-24.67334070653912,-17.952197757393904,18.84628986245388
2000-07-19,-15.767543634405115,-24.876477912212255,-16.75998547092361,18.40745026859604
2000-07-20,-15.993865378121397,-24.624252705867217,-18.711830637048678,19.059094377628345
2000-07-21,-15.315980747972473,-25.804378277399852,-17.22231624369061,18.910668503883116
2000-07-22,-15.675854585924016,-26.549436274779016,-16.924673372345612,18.2054845401896
2000-07-23,-13.985669198949502,-27.20149925158901,-17.495221641426046,18.186711208476975
2000-07-24,-13.728069529441143,-26.96636406990761,-16.78022780615547,18.439816313935566
2000-07-25,-14.32572441256645,-27.56731971891448,-16.477785299355695,17.64044124723463
2000-07-26,-13.511851554816324,-27.35551790698683,-16.853926607808113,17.552729094032948
2000-07-27,-13.586960845373294,-28.26278620568546,-18.138084905268933,18.638257297660488
2000-07-28,-12.36917808142308,-26.698874552225117,-17.879410053424536,17.545716999705604
2000-07-29,-11.322672282571428,-25.24099836010865,-18.211295073637995,18.329998485754512
2000-07-30,-11.557075016712906,-26.210209559086405,-19.597461543268818,18.673132322713283
2000-07-31,-10.827151400627608,-26.695938322368,-19.336858079522948,19.279435298657035
2000-08-01,-9.36768485917914,-26.83987313543932,-19.1498261268763,21.576203024233827
2000-08-02,-8.721687333706615,-27.64086141157332,-17.34381372725006,21.671882028646117
2000-08-03,-8.551738682358826,-26.53659647003813,-15.00311370554417,21.52401965446626
2000-08-04,-9.034765662535484,-26.60361282232401,-13.28048532044172,22.373430535449156
2000-08-05,-9.720530196361059,-27.008438239571124,-11.832398544576114,22.144997350127536
2000-08-06,-8.312855641441095,-25.495454446959666,-11.679865818257882,21.356693785832665
2000-08-07,-7.25732298832628,-24.024236731947923,-12.937010614643263,20.635811569974255
2000-08-08,-8.055703103796372,-23.938161266949482,-15.296575046567929,21.358191478212824
2000-08-09,-7.5660193866193906,-22.834992339817436,-14.383593153294491,24.303811797468963
2000-08-10,-5.705009653761757,-22.74027641026544,-16.144637798680918,24.104053805561076
2000-08-11,-5.052999332930045,-23.517636733976815,-15.781097248446704,25.296892950880196
2000-08-12,-5.043642627416145,-23.97675329437849,-15.939195453400986,24.688012881596766
2000-08-13,-5.223400183888111,-24.102617133255944,-17.4086255817328,23.729125938452537
2000-08-14,-3.899838849043401,-23.960970990565055,-18.144726470645207,23.257073725290407
2000-08-15,-4.466237311328018,-23.31982351473644,-18.65366977338274,22.131096759156442
2000-08-16,-5.430087616264984,-22.950919235732655,-19.238479689563107,24.382236544347933
2000-08-17,-6.6944552753531905,-23.942843167378534,-19.38337949878956,24.093924950936646
2000-08-18,-6.028373442414782,-23.769308458839262,-18.134075560872674,25.575883128476963
2000-08-19,-4.717944168021033,-22.918853749914298,-20.51674258118679,25.524722381099163
2000-08-20,-6.001594795354739,-23.946877224248368,-19.85244110439474,27.12309279510219
2000-08-21,-6.386692912788927,-24.782329202502453,-18.25116297828541,28.379578384491623
2000-08-22,-7.563586194598519,-24.188053618323657,-18.56264973637069,28.961462864164695
2000-08-23,-8.455269205348632,-24.328741801764004,-16.211607510623033,29.643621003968395
2000-08-24,-8.92636961536241,-22.32452538969053,-14.675795880528888,29.091404709064278
2000-08-25,-9.525707189497334,-24.226536798166272,-15.780822570026007,28.55962707618296
2000-08-26,-9.405512156951854,-24.70305002412071,-14.657903284123735,28.506104610693104
2000-08-27,-10.547141848187124,-26.61877126944223,-15.961736573206322,27.467255220029184
2000-08-28,-11.121462413346594,-26.44494883515662,-14.442098159661246,28.01638146331401
2000-08-29,-12.073292190342658,-28.647390575058512,-13.206516825415052,27.242250016944677
2000-08-30,-11.210841005606406,-28.510483316468736,-13.950301306746153,26.1071384517381
2000-08-31,-11.535384165977998,-26.97026776283689,-14.032661891290308,25.766473898416553
2000-09-01,-11.6676077326572,-27.69234519418002,-13.875298162682991,25.104798058748706
2000-09-02,-11.436387604998473,-28.793786519900728,-13.295376548095607,24.516051397042354
2000-09-03,-10.659552004624949,-26.52398459807496,-13.010415538703722,24.514191446827805
2000-09-04,-10.309352851876179,-24.42090034980791,-13.917363568105516,25.70296928601175
2000-09-05,-10.932095670211403,-24.874796145057477,-12.892840375364187,24.38362594878461
2000-09-06,-10.965007172902883,-23.22614616402725,-14.248302756025257,23.72657995286932
2000-09-07,-11.655637675223069,-22.913693299114204,-14.371209168712262,24.53323819798788
2000-09-08,-12.728536078037877,-20.542646097839132,-14.515515864831526,24.629755408002932
2000-09-09,-13.336127066726258,-19.680037463621687,-14.26697602822972,25.515481978200782
2000-09-10,-13.702290900579705,-19.20591177332518,-16.045420127951072,25.371234214914644
2000-09-11,-14.674697410922558,-20.849585625916685,-16.440016901347036,25.628925626555887
2000-09-12,-15.184101918130926,-21.021722108654934,-16.244187728754248,26.91459530255248
2000-09-13,-16.381556020437365,-21.7103162852253,-15.277617904941382,26.41575601812007
2000-09-14,-16.475717122383664,-19.96092252751332,-15.44774500561938,26.359714462893383
2000-09-15,-17.140566420355402,-19.426315068843415,-15.09227775550974,25.684265500504427
2000-09-16,-17.74813816719777,-19.280682268515285,-15.614638554971576,26.935557238958417
2000-09-17,-16.514433676719243,-19.194633828224383,-16.530490492984654,26.973473453185417
2000-09-18,-15.766018834498917,-19.09944487499014,-17.269659655262245,27.646094622996163
2000-09-19,-16.075367474146297,-20.333208133551608,-15.998634355718078,28.29852600558215
2000-09-20,-15.972574583478973,-21.01777901601054,-17.12324812346838,29.857808215470996
2000-09-21,-15.495948188749551,-21.3838808323819,-16.09454348932648,29.642063835265457
2000-09-22,-16.083925830205708,-20.913043561569218,-17.565357092445787,29.94632564391238
2000-09-23,-17.11908748702335,-20.020731875888902,-17.103994242738764,28.891447047208086
2000-09-24,-17.025527209121698,-20.223737270737665,-18.458220985353826,28.2649445150091
2000-09-25,-18.684879834322413,-21.932152584216073,-19.860185047872257,28.99844871594963
2000-09-26,-17.640569757837575,-22.00517641447709,-20.229968940728522,29.219847750002852
2000-09-27,-17.39597764064589,-23.839149778427622,-19.433166481403283,28.356560892142756
2000-09-28,-17.445134166384822,-22.757113028435693,-20.47153621880083,29.02631453322986
2000-09-29,-15.47392413431788,-21.651618747126946,-20.145506914116044,28.362655717262395
2000-09-30,-12.532461890597663,-20.59058019636185,-21.156805399003186,28.62167356851928
2000-10-01,-12.397349033201314,-21.035755990891058,-21.349558341800183,29.74471417683675
2000-10-02,-13.37170760384018,-20.808322740713116,-21.00575836704103,31.98280236581571
2000-10-03,-13.72858640812376,-19.545761757130133,-21.304428759200988,30.817571618632154
2000-10-04,-13.309176696646269,-18.748729039169636,-22.489420104748653,30.808368463530595
2000-10-05,-13.642762799977064,-16.262954203601755,-22.001505558610777,31.537491893140615
2000-10-06,-13.789401167753013,-16.696209052415544,-22.887434031169875,29.731104490743235
2000-10-07,-13.20124644679654,-17.54790801425822,-22.611364496138645,31.33883415620026
2000-10-08,-12.940337305856385,-17.87201172807011,-22.64174904196084,31.378210880272896
2000-10-09,-11.220956000797644,-17.88472500315783,-23.449457111282147,30.87378146588511
2000-10-10,-11.761875333870933,-17.650657261351125,-23.513592201886727,30.668393350439647
2000-10-11,-12.1060028825061,-18.809615677711747,-23.333874131647796,30.59614527487813
2000-10-12,-9.911497747458546,-17.688013064592884,-22.04544344984516,29.884527055622474
2000-10-13,-11.130414279987871,-18.39395847938048,-20.801439234334055,30.5490983711611
2000-10-14,-10.916510765217744,-18.94355524443025,-22.394969335335297,30.29158582803098
2000-10-15,-11.07797664580023,-17.46476361745893,-23.621602970973136,31.32505906848095
2000-10-16,-8.208843110719082,-18.57511419456979,-23.047341839861332,32.61762906853315
2000-10-17,-9.726770549381303,-18.29452048283364,-25.0716332816107,32.27628836141843
2000-10-18,-9.813569877006847,-18.804376671961318,-25.23305417550392,31.830513458030097
2000-10-19,-8.642848447778338,-18.387815652329127,-24.410223009618132,31.819609704900188
2000-10-20,-8.353238893978272,-18.349959817351834,-25.225710989427675,33.369859892943154
2000-10-21,-8.826453660821578,-19.045494820933808,-22.719369267311578,33.06657267947282
2000-10-22,-7.552273721795438,-19.689372111773853,-22.41725677903971,35.259790641292106
2000-10-23,-9.028715633575631,-19.215626854585494,-23.039592575503352,32.659599993087674
2000-10-24,-8.14503061749659,-17.699913322775735,-22.0308770344512,32.37728470922737
2000-10-25,-8.880760423243684,-17.19108513244526,-22.64857263235931,30.951301356076133
2000-10-26,-9.69054425708124,-17.598067171098087,-21.71702297650411,27.697203776760336
2000-10-27,-10.356061424326555,-15.138360066841914,-23.600151562836142,28.123015974245302
2000-10-28,-10.429483460993017,-15.067118547163265,-23.967949717896833,28.82993792180023
2000-10-29,-10.331381510675326,-14.946171502618325,-23.301965740727837,27.022894334886118
2000-10-30,-11.165618959951024,-16.561676633537903,-21.588746492314833,28.730293883181048
2000-10-31,-11.893677938885235,-15.924416305483009,-21.30523042447621,28.139558682059473
2000-11-01,-11.251092956505932,-15.395174695122263,-22.287287414173797,27.601555113517428
2000-11-02,-9.082974553901732,-13.054874014644502,-22.85571885976965,26.119834101687676
2000-11-03,-7.704383224681532,-14.222872261777034,-23.495057962679077,25.041829682017507
2000-11-04,-7.53847736139925,-15.946266651373026,-24.30595467717196,24.255624224218217
2000-11-05,-7.789570700595411,-17.09213049229311,-24.793386566063788,23.18882735363581
2000-11-06,-6.790143609117674,-15.520854707561865,-24.66095322034919,24.87970240328018
2000-11-07,-6.096415596507863,-15.407766987592654,-25.517649158765916,25.483599267960038
2000-11-08,-6.6674045147539225,-15.923035805051141,-23.627475761395193,27.72878554278886
2000-11-09,-7.1765896251789805,-17.16498673844702,-23.942328448402645,28.930023097020804
2000-11-10,-8.765274692467523,-18.309173787336903,-24.391079843000085,28.540414445929954
2000-11-11,-8.694382847871632,-18.01130245025763,-24.037750026249746,29.282768227475614
2000-11-12,-7.852049124136313,-18.249047398772998,-22.98210174444759,26.53060217765237
2000-11-13,-7.846933865127541,-17.66129101801654,-23.91306693163746,27.881208937260936
2000-11-14,-8.70464609849632,-16.964894606011395,-21.876696078631348,28.983660943941462
2000-11-15,-9.079078731714024,-17.39102157724112,-21.970751618079284,28.315784295841052
2000-11-16,-8.986796542554588,-17.30348600045733,-20.568219071051107,27.993680468792615
2000-11-17,-9.077675312236067,-18.577939611907645,-20.008907542358635,28.889182971029783
2000-11-18,-9.834252293798825,-19.19139570803944,-19.210081321235972,27.487260200958975
2000-11-19,-11.722014424640221,-18.542939644232657,-16.889645800829772,27.009911310746062
2000-11-20,-10.350009181458374,-20.670854555845672,-18.86189953285986,25.91940654715546
2000-11-21,-10.686555180751869,-21.244307977885548,-17.109471507733122,26.750184486444876
2000-11-22,-10.91651406565768,-21.43749278243545,-18.96966776321732,26.19160667170989
2000-11-23,-11.041290524091679,-19.32697130412255,-18.649907222264794,25.312463074473115
2000-11-24,-9.449224873017998,-20.09643312806532,-21.114134076256608,25.202979973238577
2000-11-25,-11.35214500736367,-18.86229248562625,-20.969998594386784,25.943164797514243
2000-11-26,-12.61010777771793,-15.635231244193873,-21.96024356817454,24.662874708965347
2000-11-27,-9.837724714056868,-17.998620327851203,-23.728704359756033,24.943258960010272
2000-11-28,-10.328826821685087,-18.100556800971727,-22.710130742336467,25.227295307160595
2000-11-29,-9.734318873144117,-18.119786686499765,-23.287368283104424,26.03650653696619
2000-11-30,-10.002357226359564,-18.473211761373445,-24.42619030406545,26.344980633099468
2000-12-01,-9.594670631640488,-17.730353027580012,-23.221841835154258,28.082799977889216
2000-12-02,-9.882761910700516,-19.481614891929762,-24.695800895666586,27.168815898456767
2000-12-03,-7.853018761583182,-19.14024680293069,-24.63695168455401,26.068625136646347
2000-12-04,-7.312989584717807,-19.542808163537952,-22.456734614013797,26.392328013564242
2000-12-05,-8.485281537280741,-19.282373208912787,-22.51389625698734,26.62586171199808
2000-12-06,-7.886175863611658,-19.32100569152094,-21.467944142398263,24.490036778434217
2000-12-07,-8.991704509009816,-18.50594827366769,-21.19257368255908,25.54017693717404
2000-12-08,-8.709189258683338,-18.661719044339293,-21.171890026777312,25.07625779407201
2000-12-09,-8.58921954885507,-18.718129070569773,-21.421647922863595,25.76060226723477
2000-12-10,-9.300503511420997,-19.204103660758456,-22.123828713378654,27.321010325078202
2000-12-11,-10.029191952789894,-19.07867192707142,-21.214015467052388,25.589624845836553
2000-12-12,-9.167340229776425,-18.512539693426685,-20.910296716810578,24.655438538228882
2000-12-13,-10.079733096765594,-19.248725372152084,-21.44415067471883,25.495974354030626
2000-12-14,-8.54200540832815,-17.202756004248386,-20.83035204607768,25.684972482757708
2000-12-15,-7.877484944015644,-16.35556082433666,-22.42175525139604,26.909144533832567
2000-12-16,-10.55687989351213,-19.010135674031364,-23.12049926693149,30.027142758666635
2000-12-17,-10.200038042483916,-18.419104385786824,-23.613023619070404,28.8119769158892
2000-12-18,-9.221605359265496,-18.941136597923368,-22.314837450412185,27.776300571706685
2000-12-19,-10.48343661399284,-20.072631626985643,-20.55963012441469,28.02710423432866
2000-12-20,-10.860506865889944,-20.348489959755437,-20.03008557595409,28.799835579045883
2000-12-21,-11.805969227738599,-18.63646621808515,-20.826229615647208,30.081317092746232
2000-12-22,-12.755852400368777,-19.987346177560408,-21.836667322860123,29.76141581399732
2000-12-23,-12.343918215638892,-20.165599641322213,-21.483426234500552,30.02249167704289
2000-12-24,-12.771831774198704,-19.644454217732573,-21.880979127218385,28.736521872165387
2000-12-25,-12.528923096343512,-19.670509002352393,-20.67305072044948,27.215941977065054
2000-12-26,-12.562753226252743,-19.893631221230905,-19.682122198886496,27.578730424785576
2000-12-27,-10.660633078142675,-20.089875757859343,-20.718222519588565,27.98214762482254
2000-12-28,-11.999245967982699,-20.19712290921587,-20.293534970412235,29.70713733650073
2000-12-29,-12.948468531998572,-19.50569420613322,-20.313402222971057,28.886299334928342
2000-12-30,-14.353824984015422,-19.918799517717154,-23.289603598604327,28.487364231386216
2000-12-31,-13.751567231521259,-20.568270716711293,-23.049847451546704,28.01182467521348
2001-01-01,-12.298614789526544,-20.8719410681079,-21.900374981610515,26.88650130370379
2001-01-02,-15.02915067377284,-20.53626776516833,-21.48708713047063,28.434398751198042
2001-01-03,-15.761628575997706,-19.51489414500427,-21.96922433575398,27.481095030560727
2001-01-04,-15.987980986876448,-19.334777761407437,-21.101726453129704,26.93403937244392
2001-01-05,-16.325106191313807,-18.847961477580608,-21.84685498188647,28.039588679958626
2001-01-06,-15.650332712939809,-19.48785212342674,-22.923332206965135,28.284524523563462
2001-01-07,-15.404265831018957,-20.910320051981664,-21.47391732497158,26.68491441077869
2001-01-08,-14.758498687633613,-20.15099922007317,-21.696153250394723,26.789398744701618
2001-01-09,-15.76382970803271,-20.558266471128544,-20.848625631344138,24.513114564311845
2001-01-10,-15.152154483582457,-20.50593518906645,-20.80346528825441,22.863380051195094
2001-01-11,-13.781527529408313,-21.124881554448557,-19.96281805094036,22.296821819534397
2001-01-12,-14.448666847575014,-20.838803776921978,-19.019292995027136,24.279883302838158
2001-01-13,-13.645789304808467,-21.024039105046366,-20.05675523947054,24.875643175509353
2001-01-14,-14.39336856779721,-22.800289289039917,-19.575358956107543,26.132733121612354
2001-01-15,-14.494210829190163,-23.80779948346773,-19.33576905547772,26.529194499351036
2001-01-16,-14.276835004160134,-23.340843462972302,-18.876295425694565,27.557378968235852
2001-01-17,-13.065172947676155,-23.413854392791166,-17.24514173459975,27.103302131303124
2001-01-18,-14.713683958268517,-22.34392013889463,-18.87264567307537,27.103388700072724
2001-01-19,-14.177591011568204,-23.06541980733976,-19.03916484542244,28.909350743213494
2001-01-20,-12.585518963009406,-22.929366071900905,-17.00813824380384,28.58987346721981
2001-01-21,-12.45273669043981,-21.783952094647965,-16.40238010316631,27.223729342314172
2001-01-22,-13.592779971289099,-21.9450606674691,-14.255423042191438,27.553869910647997
2001-01-23,-14.605018524078227,-22.09927355058432,-12.72510917434607,27.226150593476255
2001-01-24,-12.058833134280638,-21.720419511543263,-12.978335824819537,27.062289525212524
2001-01-25,-13.067189310960282,-22.87342567726105,-12.43739105168049,25.901633143910686
2001-01-26,-13.723674494350123,-24.579829464857244,-12.14593337638078,24.856675332266622
2001-01-27,-14.557204798654466,-25.868097559647016,-13.105789865489465,25.56723874661934
2001-01-28,-13.976385085565415,-25.681604313050137,-13.340394867643761,24.382024547450172
2001-01-29,-14.475477063531477,-24.939445529900937,-11.773907141931305,26.337259770003975
2001-01-30,-13.292784177433466,-24.90619862602278,-11.436568430843483,27.107569184857827
2001-01-31,-11.836236824214076,-24.447848324048213,-11.552923192742695,26.525664725177602
2001-02-01,-13.492181763516168,-25.434498890885095,-12.174175753635835,26.657580587414603
2001-02-02,-12.862952301667608,-25.614820813490045,-12.479072181634319,27.402249176875053
2001-02-03,-12.768687717363406,-25.03306265052264,-13.651561387620246,28.4927903275387
2001-02-04,-11.562811136957537,-25.922181525178708,-15.558876403045165,29.154167907828462
2001-02-05,-12.473834105774333,-26.512804403894574,-16.071025745840558,30.614972287450744
2001-02-06,-12.974675021622605,-27.57471996672601,-16.332701663945645,29.045940156708422
2001-02-07,-12.948817287638,-26.541107956200342,-15.798996928963646,29.82204461629235
2001-02-08,-14.243029427343174,-27.606768064167827,-15.999981188206066,29.81165924341715
2001-02-09,-12.767905866830487,-28.465151911292725,-17.193451343060666,30.42664825479403
2001-02-10,-12.71936874699584,-28.993860781357615,-19.13177398670976,30.685557862851553
2001-02-11,-12.994430953950353,-29.408639653952775,-18.36780507905179,31.710700415940025
2001-02-12,-13.815842816623478,-29.070117427491024,-17.624311132425998,33.540971754122346
2001-02-13,-12.39783420025475,-28.604243662212113,-19.51407529797112,34.00274640395398
2001-02-14,-11.370669920590425,-30.757570605210365,-20.564603466102035,32.751803568484966
2001-02-15,-11.888575821896659,-30.647475709655414,-21.806154678258345,31.864041930589057
2001-02-16,-11.19351707972209,-30.239174532388407,-22.557337786084148,31.507792594471614
2001-02-17,-12.442239747212204,-30.360945008998154,-22.987731460506115,31.18382393313024
2001-02-18,-14.272890669751995,-30.079910190882938,-23.93976068788476,30.37320260877149
2001-02-19,-15.304392670258045,-28.360841372728046,-23.461404021515257,28.817864268709815
2001-02-20,-17.179921044400153,-28.765393230813412,-24.363582711944538,27.072374459768216
2001-02-21,-17.43067358863794,-26.781893610071318,-24.159983704746583,27.81981053631488
2001-02-22,-17.546360701324623,-26.419956044984563,-24.324251052603273,27.15240740973229
2001-02-23,-15.853205882446213,-25.85235042828882,-24.341436586103832,25.942930872394946
2001-02-24,-14.27542121451203,-25.275127117232117,-25.896770212688057,25.87122940793093
2001-02-25,-14.396432984218396,-26.003818142611237,-24.265113909233175,26.164582853105998
2001-02-26,-14.372190616812416,-26.128444887864035,-25.127457063967196,26.949255023793633
2001-02-27,-14.14860024941192,-25.964299256176382,-24.23620180300936,27.2638297403046
2001-02-28,-15.273869029777678,-26.620357502327536,-23.55742119453472,27.444605134186297
2001-03-01,-14.855741781385856,-25.705530445659576,-26.405843778485387,24.987410137608112
2001-03-02,-15.138401121634379,-24.189320785789096,-25.871402589100203,23.678005580800267
2001-03-03,-14.25794885311948,-23.247131020400875,-27.278798485600294,23.529706028314607
2001-03-04,-14.996010485525584,-24.362181929693666,-27.215569333621854,21.626542348337093
2001-03-05,-14.293656250834884,-22.627415882691693,-27.69006125343997,22.458008737140712
2001-03-06,-15.334166946593102,-22.138134536770657,-27.619390133249738,22.132808052635387
2001-03-07,-17.4712721235856,-20.849075254638848,-27.122331924563994,22.232182193394603
2001-03-08,-16.449897448510306,-20.236056371277048,-27.0365498041253,23.098443976695172
2001-03-09,-16.63826061476273,-19.210043728760184,-26.839451780571295,23.14228132949577
2001-03-10,-16.43951315768705,-17.38636210474849,-27.336904250870766,24.198714158747915
2001-03-11,-15.705961584515801,-19.432907846285147,-26.830099394154654,23.755836242289874
2001-03-12,-15.855096202303853,-18.84891596613824,-29.118763232676127,22.384012080614625
2001-03-13,-17.40606743407622,-19.55329167101385,-28.247542364731835,23.44749294815705
2001-03-14,-16.652203091318,-19.78163728250168,-29.177328049614637,23.779036588921333
2001-03-15,-16.61395407095184,-20.217652793028638,-28.76931828769183,21.87167355813759
2001-03-16,-16.03733045849826,-20.814027955171873,-28.857138835258663,21.66400815657499
2001-03-17,-15.001703704978304,-22.31759323757688,-27.11089841781848,21.95539708106009
2001-03-18,-16.42385125223999,-20.965472203381108,-28.072001625600695,22.130502832776767
2001-03-19,-15.699558807348666,-21.386895224737476,-29.385555310322584,21.587171317436038
2001-03-20,-15.241710267456854,-21.630132987582773,-29.964410928547995,20.83745434998218
2001-03-21,-15.869552718452361,-23.33331421458305,-29.874060737129913,23.231574039597206
2001-03-22,-16.034092226854,-25.371263975275742,-30.84136771737469,25.237957250027875
2001-03-23,-14.775481995424899,-24.42735241031438,-29.526041244874538,25.8245214899544
2001-03-24,-14.612720116124326,-24.744007728508997,-29.747963384332085,24.008553989530604
2001-03-25,-15.28033511855027,-24.340870480705057,-30.214533455745084,25.479275797387796
2001-03-26,-15.148497612047548,-24.09521683123382,-30.057577295312434,26.324723802236825
2001-03-27,-14.325373363951265,-25.427801511485374,-29.6128991106726,26.258372299018966
2001-03-28,-15.479780698722497,-24.618424521983304,-30.068903788561204,27.3815077254762
2001-03-29,-15.756520201186618,-24.63558923620899,-30.957379183866127,26.893702916201246
2001-03-30,-14.965718995029835,-23.60404627154162,-31.171199287326058,27.289467757804367
2001-03-31,-15.66955404034172,-24.826156425470558,-31.464637788223385,27.1618054226626
2001-04-01,-15.36764251918486,-24.93254031859326,-32.571828416376626,29.495622849476163
2001-04-02,-13.881028701025532,-24.484887640546326,-32.160789287294094,29.1274253651175
2001-04-03,-13.77622498214659,-24.214228652224737,-31.126366001687398,28.674000916866888
2001-04-04,-13.662086861724323,-23.617563268173342,-31.69398402571983,29.893242931420968
2001-04-05,-14.089607706923166,-24.355879145736736,-32.35619014447741,29.215133271337788
2001-04-06,-15.250448343627287,-24.87946574066929,-31.752308915575476,28.808259698754725
2001-04-07,-15.653973178456512,-24.65516748536275,-30.58471812506642,26.551259141489844
2001-04-08,-15.162697223361953,-26.217222920634352,-29.819060144623414,27.438669992881167
2001-04-09,-15.818292011540642,-26.967070242553717,-30.222427083985828,28.04308131568754
2001-04-10,-15.910356596976731,-27.82031897267354,-30.151718650365584,29.08457582743457
2001-04-11,-15.8986824595673,-28.694170815167688,-31.026295441595668,28.814809790165647
2001-04-12,-16.86619316974887,-27.48169783350246,-31.08235483502725,27.787335214736938
2001-04-13,-16.32253226251637,-29.11282102082365,-30.562511561062436,27.227106667231634
2001-04-14,-15.407343851586502,-28.57252701976808,-31.391659118696616,27.862601396668094
2001-04-15,-15.656535433274087,-30.18402264621505,-30.731576575948342,27.286838198046375
2001-04-16,-14.214970179291823,-30.247661801922916,-28.48513665294733,26.078266254529574
2001-04-17,-15.462877173686715,-29.8338654057455,-27.998785878092097,27.12063055884771
2001-04-18,-13.879883875114404,-28.92221818580239,-29.90097866129336,28.60535296020256
2001-04-19,-14.527230165810645,-29.380512599406494,-28.588137425683204,27.436950193119795
2001-04-20,-14.443357497390954,-28.834644600048023,-27.301214044715017,28.07618212628496
2001-04-21,-15.698730443275426,-28.769078274775776,-27.555841204213888,26.6654519525516
2001-04-22,-16.741515593821003,-30.378739556081136,-28.2772555507222,26.990104747042423
2001-04-23,-16.633105798489503,-31.171789710193888,-28.889270653014542,27.15577692460604
2001-04-24,-15.45637188604178,-32.89732257756365,-29.1688048319923,27.767353327028665
2001-04-25,-15.283455261298187,-33.78913754498998,-28.45168417116688,28.1044095784699
2001-04-26,-15.382719527603646,-35.68455822885723,-29.662617713006558,27.658183736302064
2001-04-27,-17.95345419697295,-33.67647151302659,-28.54102345540612,28.521296575284687
2001-04-28,-19.041319638159834,-33.02885596030517,-29.011414768354364,29.520984305652412
2001-04-29,-17.267023016504435,-34.125268281883095,-30.469609051594645,30.284352444196752
2001-04-30,-18.03224571079316,-35.99358680835886,-30.175539090481177,30.13089578582848
2001-05-01,-18.283898114304748,-36.76192135458118,-29.27411012580861,29.419731742543103
2001-05-02,-19.045792935119625,-37.03438787069222,-30.22694420888835,29.482359329139463
2001-05-03,-18.601071003874335,-38.33811487653404,-29.041432439779683,30.315173626230273
2001-05-04,-17.658780249382815,-38.4319449615485,-28.632870442914385,30.08803505158264
2001-05-05,-17.050160053791295,-38.73011539556324,-28.400142513388584,30.601106742301877
2001-05-06,-15.467758345050271,-38.15552515871208,-26.638811877641768,30.28043683022967
2001-05-07,-13.1504978378338,-39.57657230544779,-26.566545120281603,29.453023577673584
2001-05-08,-14.15054899123983,-40.14411645050455,-27.135653589364452,27.825569088832008
2001-05-09,-14.934613767133206,-41.464425746376065,-26.169323806101943,27.32984534194945
2001-05-10,-14.762334904839847,-42.80730334736606,-28.573284563219758,27.655885234937053
2001-05-11,-17.089677316020264,-42.47166580973965,-28.719247960685756,27.82334524960072
2001-05-12,-17.305207447632643,-40.63615282228277,-26.37402331715933,27.285831358941337
2001-05-13,-18.526943484253504,-41.60460112244167,-27.35489069998252,25.683457965820566
2001-05-14,-18.16793616456226,-42.43552957258636,-27.035856745720167,24.741934496371325
2001-05-15,-19.152629980316974,-43.25106201613628,-25.919115076311744,24.863405195707937
2001-05-16,-18.58187431070642,-42.64957207263692,-24.9842114816183,23.929301726961043
2001-05-17,-19.613329621755227,-42.5987968041679,-24.981205401272355,24.48221774590092
2001-05-18,-18.345555524013335,-40.91873322842703,-25.08281343773284,23.26577903495693
2001-05-19,-18.822784857703017,-40.58574852878027,-24.61209992751496,24.130305514375785
2001-05-20,-18.93486765036842,-39.27878501962144,-26.330569331986442,25.291826172696418
2001-05-21,-19.591395307408863,-41.01606930110565,-27.41110110682741,26.528661096431428
2001-05-22,-18.639625755797564,-40.647931273855676,-27.767058898963644,27.74219671025092
2001-05-23,-18.017206982279543,-41.608692231186254,-27.65157878238416,29.019255037000143
2001-05-24,-19.534122873549837,-41.26333906093057,-26.450335557722795,29.441247527682496
2001-05-25,-19.146788843576935,-42.384964623223325,-25.640436940597514,29.127953539002085
2001-05-26,-19.46451226589584,-44.38500312494217,-24.715580143148344,27.25180861943971
2001-05-27,-19.268093975135997,-44.97904892480435,-24.11073161596321,27.672559850376686
2001-05-28,-18.480232770739825,-44.49257497488448,-23.09515225434502,27.85782386065176
2001-05-29,-18.465942381825556,-44.02728284414042,-24.036764084331665,27.662130723325795
2001-05-30,-18.336560212040407,-43.19150652906903,-23.522821067760365,26.592499620894323
2001-05-31,-18.63839925298829,-42.02136224972719,-23.61060803177977,26.035617224469743
2001-06-01,-19.800637128593646,-40.972674510216606,-21.074458394763194,27.620989109810246
2001-06-02,-19.043192218387425,-40.47711471744577,-21.68018853399724,27.212173634565044
2001-06-03,-19.85548147343677,-40.10111535947522,-21.8908028636313,25.2240534608059
2001-06-04,-20.980361309232215,-38.83476280289339,-21.32109407341279,25.27887064746358
2001-06-05,-20.831904487631693,-39.97224844911046,-23.09915074200919,25.099422010930457
2001-06-06,-22.969541276078488,-39.87780388884557,-21.634040016408523,24.98937887475321
2001-06-07,-23.426870386451917,-41.00254113882414,-21.994385530895805,24.011943033609807
2001-06-08,-23.464316325072907,-43.38295266462511,-22.246846780363658,25.70321800990703
2001-06-09,-21.561605205615876,-43.65059595122098,-22.149917574057138,26.474896229587337
2001-06-10,-21.33805383897221,-42.8981354595471,-23.151997287128452,26.219492477460246
2001-06-11,-18.936242941794397,-43.23708580265127,-23.0605246917439,26.460403515719744
2001-06-12,-19.284992739197225,-45.348904254811224,-20.944801126140007,28.04219180591048
2001-06-13,-19.07243289641141,-44.095837420990655,-20.807375334305835,26.983868275427735
2001-06-14,-19.042444631577,-44.91386236615528,-20.22985043248584,25.967267290388833
2001-06-15,-19.31502972316003,-45.20772817233986,-19.098679363180068,24.82514874335367
2001-06-16,-18.48827376709406,-45.56176053433486,-19.273545059929006,24.878495908811075
2001-06-17,-20.03781013886763,-43.630913249741475,-18.812361421527402,24.418122578367107
2001-06-18,-18.600068119678845,-43.851393571265525,-18.517257663671572,24.710013824568616
2001-06-19,-19.726535107549388,-45.37239889774196,-18.126323152610553,23.659273192950984
2001-06-20,-19.080903286497055,-45.90605036417746,-18.20421606072697,22.61424489995971
2001-06-21,-20.9099873647263,-45.41250352472234,-18.204629690794135,21.636789627269554
2001-06-22,-20.91014966655333,-43.62586114520662,-17.70215406726269,22.449265282086763
2001-06-23,-21.592878258273913,-43.555914918465746,-17.933909932958805,22.181330286766237
2001-06-24,-20.451869191820926,-42.16544589859102,-17.676715183808827,24.334613498245485
2001-06-25,-22.56607281603115,-42.065500969159004,-17.845497869963058,23.973471619115678
2001-06-26,-23.345726489069296,-44.509300429357545,-17.050879122554385,23.164311625629004
2001-06-27,-22.51972243372703,-44.236055047550025,-15.6572330217349,23.97740728207456
2001-06-28,-24.13401091236282,-43.1181000824563,-15.167320285550167,23.4918021921185
2001-06-29,-23.593259024360293,-44.1322809158568,-14.483028949138074,24.97498703074888
2001-06-30,-25.19886476984281,-45.218208393935974,-15.199323403127762,25.678244604846412
2001-07-01,-25.09728800383547,-46.602520541165646,-14.632584309162416,25.764114096363553
2001-07-02,-25.37415022526687,-46.85357206323394,-15.494290359424294,25.622774913202242
2001-07-03,-25.14345991811051,-47.22045854817069,-15.048285548376601,25.620984643603123
2001-07-04,-26.209922273698144,-45.00577442107607,-13.878605227363344,23.843145388044626
2001-07-05,-27.171431872188233,-46.24788873288291,-15.50000182704968,22.394528021523183
2001-07-06,-26.87383942009466,-47.66174016719234,-13.52428159782119,21.219047875242023
2001-07-07,-28.778269478368316,-47.313588883775765,-14.969650927254715,21.478980119646987
2001-07-08,-29.345416006170343,-45.58369615709073,-13.340961614536418,19.30867736760684
2001-07-09,-29.679805373779963,-45.24114572632171,-14.547316511689573,19.348591595836794
2001-07-10,-28.571137859127422,-44.56712612354641,-14.785006188672774,19.501252881897596
2001-07-11,-28.48433539330344,-43.151043684679934,-12.510328014595618,19.495436381102873
2001-07-12,-28.7800406357673,-43.578041327491256,-12.860205751061835,21.057350303599282
2001-07-13,-30.27625453152889,-42.87949934183398,-14.31007366752084,21.93535089386282
2001-07-14,-30.810265567740267,-42.564228900902734,-13.892086396146032,23.560791815214237
2001-07-15,-31.17176056084265,-42.168571977535045,-14.057374789940953,23.282672794796927
2001-07-16,-32.32719723487478,-41.10777406882138,-13.50720647432135,23.637242168692268
2001-07-17,-31.401529666043103,-41.40875295212323,-12.692324733902907,24.12030069051042
2001-07-18,-32.78975329081716,-39.85780125012112,-12.746427483184627,24.479526522278555
2001-07-19,-32.6643383731693,-41.84221223153913,-10.469784710927438,25.249918288142215
2001-07-20,-32.910987232573014,-40.884991871083315,-10.309906309173748,26.45406481401108
2001-07-21,-32.87200553920514,-40.81727416997635,-8.937882282352946,27.848312860858236
2001-07-22,-32.38045138962479,-41.45420896477098,-9.46152311420532,27.534080132011322
2001-07-23,-32.68020047782458,-43.07460457485945,-10.060297396242682,27.22268103803744
2001-07-24,-33.68099744423355,-44.39490224034641,-9.04032030786048,28.634480826912398
2001-07-25,-33.435330865224,-44.50369520411046,-7.5883611819614085,27.74954155270221
2001-07-26,-33.54746844444872,-43.51795239562725,-9.244170547784588,29.45923386295545
2001-07-27,-32.88980977199389,-44.857371057061656,-8.2698087198062,29.89244804517792
2001-07-28,-32.69314321202368,-45.99709720007141,-7.700985129724094,28.469536762347733
2001-07-29,-31.888900678343944,-46.19924566578855,-7.213612547604447,28.395105662378143
2001-07-30,-32.27296175306461,-45.219032732494796,-8.13185227259021,29.282838008405502
2001-07-31,-33.63278415958709,-45.03764396507409,-7.789073853188383,28.11330469765983
2001-08-01,-32.25912449520826,-44.35199580935685,-7.939387098142456,28.223720169310745
2001-08-02,-30.84155618621876,-44.972600446991535,-8.842864203596397,28.41618602016139
2001-08-03,-31.98272115495936,-45.104117134003914,-8.494882658408857,28.612280281378442
2001-08-04,-32.2367742258617,-44.786282608228134,-8.38361721757226,27.9496066401807
2001-08-05,-32.191785699409984,-44.257776336039406,-6.4280667163632845,28.09009279075397
2001-08-06,-31.79885312218529,-44.89518079297762,-5.647662829414743,29.38372988355153
2001-08-07,-32.242135295715315,-47.13280301265933,-5.797946754722548,29.98928004553085
2001-08-08,-33.443849537445665,-46.864025755623295,-6.668643513834503,29.137987352984872
2001-08-09,-33.084942059964185,-47.64490773352487,-7.655158396332367,29.395010618172417
2001-08-10,-33.956189349547046,-46.618996198534795,-8.872884003467087,29.64026502194311
2001-08-11,-33.55663348186402,-45.87536187992128,-8.604731137544388,31.32528520788773
2001-08-12,-33.934266674712745,-44.55508067842603,-10.108239242489885,30.629611369674627
2001-08-13,-32.968589852797855,-45.45513985151795,-10.244328662018223,31.057907290999037
2001-08-14,-33.108174836793474,-46.51159129328538,-9.360721181605049,30.376804359436754
2001-08-15,-33.05223483044885,-48.25858605272582,-9.796164465418586,31.293775052523333
2001-08-16,-33.03858471954628,-46.65269677487899,-10.106892181030593,33.31510908764143
2001-08-17,-32.552251865488806,-44.93586163540787,-9.70201945634248,33.43640886504298
2001-08-18,-31.814508777391918,-46.980300876009046,-9.942218820145502,32.8284051506311
2001-08-19,-33.405902410445705,-47.00577231066698,-9.633168176504897,33.29872188550122
2001-08-20,-33.79780468630643,-48.63192168810698,-8.457501731853377,34.21055330782436
2001-08-21,-32.66626834022129,-49.05283672933997,-8.282221403380063,35.5947818445915
2001-08-22,-32.80120093227907,-49.372702567326535,-7.962211905708013,35.73031875705432
2001-08-23,-34.35293696515399,-50.68981299665436,-9.188386028691006,35.49614575750934
2001-08-24,-34.11690190252265,-51.13138264900732,-9.345011151590962,35.28348730093689
2001-08-25,-32.97793989725648,-52.003696931477705,-9.064003492791514,36.11866688209978
2001-08-26,-34.17487070752203,-53.43967698898828,-7.626655024047825,35.86091031227269
2001-08-27,-34.155708577118126,-51.81948125630777,-9.616752298734442,35.38092959186574
2001-08-28,-34.71792231983394,-52.27411236796994,-9.20627217183026,35.00024360386324
2001-08-29,-34.469162373098094,-52.138829971227565,-8.233045512470472,34.925793202590704
2001-08-30,-32.59303415263759,-50.84108723757923,-9.799149827874293,35.42542937288058
2001-08-31,-32.19010562643249,-50.419811513687485,-11.8615598113143,35.944205512242846
2001-09-01,-31.27899186569776,-51.36516400848354,-12.147423498189022,35.577666553345985
2001-09-02,-30.867465557466243,-50.5987812636337,-13.130464713211792,35.390293143903314
2001-09-03,-30.356822505430706,-51.59585245351466,-13.65771658263696,34.800401668421216
2001-09-04,-33.845545109860495,-49.969326115640285,-11.809005747514735,33.60420947671505
2001-09-05,-33.89875817330644,-50.50253759446147,-10.854140079110913,33.26868042254935
2001-09-06,-36.24517649903399,-50.41942170650903,-12.394012253959525,33.764720257240825
2001-09-07,-37.9051921442706,-50.34342986237103,-12.257997780455396,32.47888867170789
2001-09-08,-35.76022453999993,-50.17326870335727,-11.387760301542253,32.54398590125553
2001-09-09,-34.53257698797013,-48.44799849710145,-11.576968561564868,33.47078563499555
2001-09-10,-34.42543732093695,-47.447653326065605,-10.672357276111288,34.90325701879045
2001-09-11,-34.4707414212009,-46.58185115849,-11.459739451767382,34.86185769956172
2001-09-12,-32.93602899366108,-47.383137697002525,-10.406598404955709,34.785429665598066
2001-09-13,-32.03045586597808,-47.422393967045934,-9.888052246019539,34.49721160882188
2001-09-14,-32.82818121614776,-48.545888899207675,-10.345774906654437,34.5883547608161
2001-09-15,-30.610946670971472,-48.88152263139821,-9.533000104790212,35.052442527260645
2001-09-16,-31.087694131836518,-48.011748049338195,-8.304775110826476,34.55419769932389
2001-09-17,-32.251951030047216,-48.86325988678005,-8.50643026638046,34.55123078753419
2001-09-18,-32.852997961703664,-48.56177375991812,-8.763430692019993,35.620450246437976
2001-09-19,-32.46370020829734,-49.12650774638753,-9.131624490845065,35.14618097935741
2001-09-20,-32.20059770252783,-49.948214007761614,-8.92880577985284,33.98230421781632
2001-09-21,-32.39919884953863,-50.43346552565876,-7.639111103684004,35.51251150710403
2001-09-22,-33.17013196871929,-51.72619870598708,-6.931209635572943,34.40823532343002
2001-09-23,-32.7076689205476,-52.43852545451378,-8.319774118965743,33.39145992137677
2001-09-24,-33.1292759028602,-51.01732448080787,-8.523740126422071,32.82110002284559
2001-09-25,-32.67059440708922,-50.961628099316464,-8.818823472886544,33.028714723121126
2001-09-26,-33.36676345488711,-49.917208989697315,-8.85803556217194,34.49826548962622
2001-09-27,-33.34148064617626,-49.77130881384463,-9.510600056367847,33.906147127645674
2001-09-28,-32.98886077458352,-47.13468243771896,-7.2579809354813225,33.635623978591596
2001-09-29,-32.31912427836378,-47.19867026266452,-7.185046127860279,33.707707777891095
2001-09-30,-32.195163649461186,-46.8141217655388,-7.177694267330643,34.24122676906467
2001-10-01,-31.32583161956401,-45.927227720859854,-6.980234880582847,33.43798551726076
2001-10-02,-31.381536161641655,-45.788371140918564,-6.99123519567514,32.15125154348302
2001-10-03,-33.225686898054306,-45.163224635114425,-7.088878841082495,33.10482582513375
2001-10-04,-33.02479914367265,-43.879504315289935,-8.448907830962593,33.66929578825955
2001-10-05,-33.0942459705542,-45.32772284061598,-7.640721487022603,34.040856959152045
2001-10-06,-33.51747776613393,-46.49006239678038,-8.14324571142816,35.255156176576484
2001-10-07,-35.26015377340576,-46.2269849283947,-7.866484946387092,36.33286322070186
2001-10-08,-34.14626145580829,-44.252362689156215,-5.470125831525197,38.845677039742064
2001-10-09,-31.46594591455328,-43.66133547172206,-5.846649670958837,40.550985114549704
2001-10-10,-32.71375774474416,-45.18545303438925,-5.453058566795206,40.61418923358833
2001-10-11,-31.770895402332343,-45.172715026716894,-6.0763952491456035,40.898349391613195
2001-10-12,-33.14879012435138,-44.93917185858021,-7.3229894201286685,40.847942135819714
2001-10-13,-33.940881332999986,-46.76883758480166,-8.63633666520465,41.81837104664217
2001-10-14,-35.57787798493829,-45.58575578284672,-8.409805434058253,42.76474675030699
2001-10-15,-34.16627237786174,-47.42933977808329,-8.392836288084016,41.642388738617804
2001-10-16,-32.71405792587416,-46.453205309285245,-7.994043469562585,40.82874136082192
2001-10-17,-31.927547311602556,-45.73185972770104,-7.335224472619931,41.77839843527691
2001-10-18,-30.13271378889629,-44.91066386500471,-6.612736238352076,41.67486066357164
2001-10-19,-29.353639273252966,-44.985874681588705,-4.899936381456896,42.35766064700551
2001-10-20,-31.910732629581975,-44.79776812671499,-3.85642249893094,42.037763903086514
2001-10-21,-32.36763794585173,-44.15797645217947,-2.0336613142546796,42.692824835805325
2001-10-22,-32.82499383046501,-43.93340111920081,-1.3392604279188738,42.00114586287022
2001-10-23,-34.506947753956766,-43.76694944613057,-0.7612044126702247,43.164192205874826
2001-10-24,-34.70923241890765,-44.93862968027223,-0.9978703314836785,42.43689485682634
2001-10-25,-35.159626878643806,-44.88771691165758,0.24488064807008447,42.736504762457805
2001-10-26,-35.71628282831642,-45.2905004446984,1.7630696715015148,40.856881148711544
2001-10-27,-33.260668307807144,-46.15123132335869,2.1112635090965273,41.38383987597423
2001-10-28,-34.38267436208094,-45.98215282494211,2.0453406196962147,41.9010667207842
2001-10-29,-34.62031080955718,-46.334096334681696,1.2393467677555097,42.53855454277625
2001-10-30,-34.07371529015951,-47.84189941291033,1.0968826897988715,42.38531049236625
2001-10-31,-36.16033732770487,-48.13224950385106,1.3339303994657,42.32881736552285
2001-11-01,-36.33595590786929,-49.092604103221156,1.314041719866199,40.08300404684391
2001-11-02,-36.513095059962026,-50.33043208228717,1.3570922516345005,39.47026763411227
2001-11-03,-36.15471053592566,-51.361042285414456,4.1679124041734035,40.5775349221709
2001-11-04,-36.70416296300571,-51.90492637026926,5.514903580694108,38.893657671521474
2001-11-05,-35.81077282721042,-52.36997553311383,5.50322555906155,38.961713404551276
2001-11-06,-34.90023481214483,-51.59549295520416,4.6577543675383986,38.21112125390091
2001-11-07,-32.74148737997956,-50.44973987808864,4.943568508977322,39.47723829364049
2001-11-08,-32.701483304118675,-50.214982123730415,3.9513100860328816,38.0954849257588
2001-11-09,-32.62436352010587,-50.3081001579508,3.958375597573295,38.89982956626723
2001-11-10,-31.003032899401173,-50.173547405355116,4.506972105500399,39.34837768331645
2001-11-11,-31.323633705340228,-50.29809984718672,4.204558671884258,38.51864965749514
2001-11-12,-30.9517051578211,-50.48584591752674,5.2695826099503895,37.86355948401662
2001-11-13,-30.297610835915517,-51.29993035894185,4.5946453841015265,37.848443214742154
2001-11-14,-31.923234197792475,-50.44763860624578,6.25798427515106,37.51995349565816
2001-11-15,-32.92417600051482,-50.88772572284857,7.786546627614908,35.95782661914054
2001-11-16,-33.13631103477435,-49.53160265403658,7.705849417646487,37.23397427173549
2001-11-17,-34.81468457353923,-49.08515190769397,6.8359332183477255,36.18020060694388
2001-11-18,-35.76731725248883,-48.85041577308973,6.683582383172339,35.97065685869255
2001-11-19,-35.37037870457809,-49.053042373206864,8.584101597210308,35.914730745413166
2001-11-20,-33.21075959610762,-50.71844802090604,9.488508410177271,34.71767279971405
2001-11-21,-34.019968474152066,-50.53033670773927,8.563856738401935,35.23262689753657
2001-11-22,-35.38752781300736,-50.18873649937612,9.95694821910966,33.853448133154856
2001-11-23,-35.95081043782023,-50.33503135046908,10.02232925922235,34.04475168672788
2001-11-24,-36.260912942315024,-49.65572521093494,8.996856910742782,32.38054036515447
2001-11-25,-34.84269857601915,-51.876368881210226,10.497991022499248,32.23758136796981
2001-11-26,-33.94487453886374,-51.96314190278751,8.785484541742136,32.63595772018821
2001-11-27,-32.20059168802835,-51.94078192241548,8.559439334076728,31.81637921287759
2001-11-28,-34.72839490488943,-49.886136498920386,9.383764309054829,32.48013539021877
2001-11-29,-34.50636990582425,-50.33687931488727,10.560792233444493,32.67190563294972
2001-11-30,-35.153780491205346,-51.07599010325786,11.229134565177027,32.48702721704422
2001-12-01,-34.31699098352534,-51.8350543589916,11.103093908703357,33.69791534738974
2001-12-02,-36.396998102506124,-50.88395390855456,10.156514598055654,33.07574870122717
2001-12-03,-34.43871362326899,-51.86666139236284,10.669561892083497,32.76555432639944
2001-12-04,-34.84716979749198,-51.580819026777846,8.938157143840609,34.63128552548036
2001-12-05,-36.35605970454226,-50.34902636790664,9.100681334189067,34.848866326549576
2001-12-06,-36.06191155475175,-50.48124599504603,8.314739014669643,35.508310579899245
2001-12-07,-35.820633391052695,-51.36523838036651,8.048906232282214,35.283606233682725
2001-12-08,-35.73353090504707,-50.84976101253636,7.904716619829171,34.20620805389766
2001-12-09,-36.465279310222904,-50.61086389694344,7.443966704507959,35.25878685555295
2001-12-10,-34.63607354125706,-49.84227826345563,8.39691246445369,34.74112964597628
2001-12-11,-34.96955358211477,-50.54351902654648,9.68792008636408,33.89460506771978
2001-12-12,-35.36139419717084,-49.56645817169691,9.325331115631187,32.64548715852748
2001-12-13,-35.500443177562424,-50.08798410683972,8.286047506931009,32.818515528419795
2001-12-14,-34.35085121402341,-47.947723843393476,6.710791301968855,32.917318201656556
2001-12-15,-33.023353845819116,-48.678220119443736,5.443000197283227,31.977766767661155
2001-12-16,-32.8455654362618,-49.159029771966935,6.9531146862604585,32.98739148828248
2001-12-17,-32.93972929670337,-49.31377593809229,7.468532105199249,34.6772378496575
2001-12-18,-33.145413737408234,-47.817917897084726,6.909315859146118,35.13278917173949
2001-12-19,-33.7894315123317,-48.321091550913444,6.913312677323985,35.96834224454947
2001-12-20,-33.966911949336925,-47.12233140327682,6.411739938439412,36.76334932098968
2001-12-21,-34.398438033144956,-46.502572296832575,6.068829870017128,35.275579476638896
2001-12-22,-35.178432587625814,-46.49853330603299,6.766235631250861,35.27245332877333
2001-12-23,-35.025325737206096,-46.64670880506184,6.687502746993943,36.05019921945623
2001-12-24,-33.640827322032784,-46.142253478119386,6.379658060218671,36.43589232222847
2001-12-25,-35.18849583348121,-46.592754974137556,7.189781608062089,36.15930013025523
2001-12-26,-34.69941837458152,-46.60042830241901,6.323048342238088,36.30599193019444
2001-12-27,-32.74808152573951,-46.915876251420364,5.143897430122681,35.98875651964172
2001-12-28,-33.27956111534883,-46.26927704842727,6.682222910152882,34.44883473626312
2001-12-29,-34.153732549906465,-47.393661939112235,7.276213627766246,31.983501259545005
2001-12-30,-34.06444287564337,-46.35235651462276,6.580708402902184,33.33726547398617
2001-12-31,-33.833447315006,-46.69097768119815,5.644565317497283,32.6103523615992
2002-01-01,-32.47519540521808,-47.65366450814923,4.848935638951088,30.217139336310836
2002-01-02,-32.33948058769046,-48.71298887116354,5.38986093204506,30.138183882841176
2002-01-03,-32.68572395410472,-47.56546950924791,5.4796919188088316,30.146668317802316
2002-01-04,-32.90055470604602,-46.482326168822475,6.273741919118675,27.195626608416042
2002-01-05,-31.966919962464463,-47.94929725358996,5.8608829044725015,27.350404987472675
2002-01-06,-33.847856122829725,-46.76112291879678,5.906821051513318,27.319836392050238
2002-01-07,-33.97827690673359,-46.400426693170665,4.489422545726495,26.79375043284768
2002-01-08,-34.06528898168587,-45.975068743526464,3.569763320089633,27.965577829236665
2002-01-09,-33.846288468640324,-46.005167924725185,4.25202729813746,27.539145264456575
2002-01-10,-35.39118692915007,-45.80312636855944,5.342603842683711,27.129946319537297
2002-01-11,-36.06825538360244,-44.39386861637374,4.573112754227927,28.186492124328215
2002-01-12,-36.394828450331715,-42.62473804493865,4.72619815096655,28.196242765659427
2002-01-13,-35.24869092865384,-41.6646296435184,4.820528836984337,27.745875738769968
2002-01-14,-32.44049312830638,-41.77845817053606,4.21803316233053,26.968383845598872
2002-01-15,-32.984813541555944,-43.55522246439871,4.480534639808152,27.130865784572006
2002-01-16,-34.2575816550911,-44.220910383456875,5.02686935849965,27.92316004630938
2002-01-17,-35.502836412463765,-43.92698570710826,4.217896416668697,27.365619625219143
2002-01-18,-36.65332062122576,-43.76565578147652,3.424152683512899,27.97743640227
2002-01-19,-36.44153580656277,-41.41801614468526,2.572668148356473,28.11838538907663
2002-01-20,-36.15800899217249,-41.28314680324517,1.3816132675216242,26.642802009532538
2002-01-21,-36.51127925661746,-41.087585322120795,2.274975335221848,26.516646876367314
2002-01-22,-36.967483047689406,-40.55238907542828,1.6615005774349378,28.024864356204198
2002-01-23,-37.07697540955869,-39.71470503812812,3.109784596583455,26.13352009296507
2002-01-24,-36.65698040314454,-40.61335359630198,2.0120699336526333,28.172862641718847
2002-01-25,-36.89261573357728,-39.60742449859321,3.2624431907862457,28.63712331608758
2002-01-26,-36.19468949690214,-39.932941285832015,3.7172087135868113,29.249516779268347
2002-01-27,-36.83456322252383,-40.51946609295246,2.6073125105864543,32.83340633697913
2002-01-28,-36.09703514383051,-39.86440927123742,1.895208668084894,30.967827132558142
2002-01-29,-36.342422587130685,-40.492262390606065,4.001123439344683,31.72471965364564
2002-01-30,-37.12970827139642,-39.732949114812214,4.30178419533422,31.214648269768364
2002-01-31,-36.28927128425508,-39.817538756923874,2.3985506367619687,31.858099599044724
2002-02-01,-36.24199862587569,-41.31326769723701,2.3064435961173952,31.894265220418163
2002-02-02,-36.69835760515997,-41.93224795807783,2.5863829646026266,32.441690222723274
2002-02-03,-35.75571043684097,-42.23732017429759,2.7469081472492523,32.15324206499409
2002-02-04,-34.96832331410702,-42.44739080794878,2.771409155511517,30.76339900793087
2002-02-05,-34.44738749777832,-42.4758883274953,2.1637014582516993,28.916565135086117
2002-02-06,-35.1497797901944,-44.95737941772806,1.508190692039661,29.070337506862277
2002-02-07,-33.69819859160375,-45.6397580971498,0.998556415181426,29.392325712940618
2002-02-08,-31.854950792909356,-45.74592177924858,0.2775958915541725,28.361529227352495
2002-02-09,-31.883980145547035,-47.851152599668055,1.7533954852834257,28.011728980421676
2002-02-10,-32.41802351772,-47.01773362136888,2.2802489030802895,26.846354120145456
2002-02-11,-33.03570285797746,-46.36173236426752,2.8339743959165,25.525257859476387
2002-02-12,-31.652972155289675,-47.26395282566726,2.1926889873496096,25.03777178503002
2002-02-13,-31.62818803134687,-47.739021411518166,1.5601827972421152,25.179752207928917
2002-02-14,-31.777398711262375,-48.33007347796099,1.661238682617934,24.979090610421853
2002-02-15,-32.46846614676466,-46.72214969122611,-0.3443259670627936,24.81432694997831
2002-02-16,-33.37203942888392,-46.44820054143482,-1.5996214326974059,24.681336856462014
2002-02-17,-33.11636528512946,-46.48023408919037,-1.8005126584920348,24.84701603631842
2002-02-18,-34.391146726004514,-46.08008165497615,-0.5339899784827729,23.76797012940194
2002-02-19,-32.63919812728983,-45.321066643671784,0.16949361740903313,24.896030478905924
2002-02-20,-31.502909423377673,-47.081712914557095,0.3748198563511691,24.60630153591416
2002-02-21,-30.46136614832872,-48.33722762182265,0.3433093685368836,24.01606082116907
2002-02-22,-31.14471364134167,-47.74368491330072,1.8352131723113703,22.442703940620387
2002-02-23,-30.593115068988446,-47.06103210859402,2.073548302687939,22.612901066468442
2002-02-24,-32.079553443735016,-46.62444670362929,3.2746839430603147,21.702314911781865
2002-02-25,-31.66342127720332,-46.36613594863725,3.51541439500436,22.97763689029074
2002-02-26,-31.176012956364396,-47.16764377566441,3.9425320857149835,20.824208980215957
2002-02-27,-30.95820551304058,-47.61184039309216,4.641740445062963,21.11715793553301
2002-02-28,-31.186723575675174,-47.375145867146614,4.6063686027322435,22.214900400585094
2002-03-01,-29.12375135764707,-45.99693978775985,1.8691433288405208,21.502369722709734
2002-03-02,-27.463095065140223,-45.63238602465796,1.5889402115597488,22.732124386467625
2002-03-03,-26.253884650490996,-45.58215844056254,1.4753806613645668,22.91534657637085
2002-03-04,-25.278871230137636,-45.28729787658582,1.3023771147670125,23.05508966579461
2002-03-05,-24.742246205058937,-45.33827968269193,-0.19439604862980198,20.807258990903165
2002-03-06,-24.85867625201653,-43.7687784126571,-0.594275879917867,19.68885500560535
2002-03-07,-24.84652466124235,-43.79538058552884,-0.32693045267144333,19.174176827151
2002-03-08,-24.40120457413392,-42.168967571074674,-0.506468618578527,21.629168425010995
2002-03-09,-25.05094322687521,-42.516443192660425,-0.7184440821590637,21.5100957568067
2002-03-10,-25.251863092489366,-41.70282705260341,-0.0009784341889916837,21.108092311794596
2002-03-11,-25.79097979938289,-43.860352612202796,0.17378343557673417,21.149195518914656
2002-03-12,-24.438785418739375,-43.644049751023914,0.8648139153181179,22.282226181881178
2002-03-13,-25.348421677280253,-44.29173798487693,0.07816800003950586,20.98445110357659
2002-03-14,-25.785306623819356,-45.49598473921408,-0.46701402095343125,21.320773938575105
2002-03-15,-25.701790738879122,-45.41313901136529,-0.12462132915310109,20.954834388714847
2002-03-16,-25.859958165284564,-47.305468974726374,1.1845503771920214,20.910188211745524
2002-03-17,-26.8903670169001,-47.24565983662769,1.9723804741995346,21.890395231060353
2002-03-18,-27.235731432460618,-47.92910939484874,0.573307360676959,21.351649342248983
2002-03-19,-26.6749169972459,-47.61318431278838,0.04606786258912088,22.581969688032277
2002-03-20,-27.580698732864565,-47.982661073306254,-0.43050585283181925,21.792078033978736
2002-03-21,-28.483844575095326,-48.626317853253816,0.22334138865255854,22.164458154018654
2002-03-22,-28.814639450989283,-48.523869977057686,0.3685208794787404,21.793156560888963
2002-03-23,-28.878072802811623,-48.25183316460373,2.7885286607706576,21.80117270549801
2002-03-24,-27.66040847608123,-47.30587843321058,3.2801106015543198,20.586392810919747
2002-03-25,-27.565133506521168,-46.604674556845765,2.0977872458936595,18.424512191834193
2002-03-26,-27.188248240175554,-48.08024756167305,2.2263832686561114,20.52459174140564
2002-03-27,-26.171878780053866,-46.779980852629734,2.460590850097055,20.157360349122936
2002-03-28,-25.984315651133805,-46.12473623880405,0.46505963725401656,21.205659727949975
2002-03-29,-23.750661043193194,-47.08020637760908,-0.2049573382506732,22.36281854743367
2002-03-30,-23.385353995359495,-47.60093103052219,-0.6011465264579535,23.074161508203463
2002-03-31,-23.82489727134299,-48.702079030914334,-0.4284088156254511,24.10354638835361
2002-04-01,-23.46856602114348,-48.62558563087569,0.03789110462690848,24.232717504345437
2002-04-02,-23.86471116173053,-48.00486873038965,0.17630394814942507,26.770663384852337
2002-04-03,-24.42262833527499,-47.3537123573484,-0.28239875412581045,27.60384704939626
2002-04-04,-24.898783852827012,-47.394012435351804,-0.24899303796311503,27.964342250565238
2002-04-05,-25.400468652029595,-46.28971531144368,-0.647137635048023,27.57396235682347
2002-04-06,-26.725077191571888,-47.43624920882694,-0.4747639138623192,27.681298025689706
2002-04-07,-27.75284215535327,-47.70479413089585,-0.22492029639129335,28.74525994148318
2002-04-08,-26.662596149439256,-46.467839585658275,-0.6122777654235646,27.335964195013347
2002-04-09,-25.821646545298336,-45.38482225146153,-0.8827985152391087,27.526205861012787
2002-04-10,-24.988730646485646,-44.95151485630565,0.18289233879046773,27.981771390675647
2002-04-11,-26.57804126670938,-45.25998996210045,1.3684480458085568,27.862674476919427
2002-04-12,-27.993389781852862,-46.3818974959122,1.6168186805924076,28.217420206014346
2002-04-13,-28.199643145836227,-45.046230614106406,1.3238425007631147,26.810824658412173
2002-04-14,-29.924276819240692,-44.02836709378459,2.67652129527309,26.762692517747602
2002-04-15,-29.749954170850025,-44.9635173676677,0.7515792191614752,25.98744558827341
2002-04-16,-30.324160741431005,-44.3868911628986,0.2499796845723904,27.160044471486554
2002-04-17,-30.26552223514486,-44.38295020101535,-0.8848185402289425,28.341051308475045
2002-04-18,-29.77113621417343,-45.93056031490294,-2.736749915356398,27.63845572334997
2002-04-19,-29.042313039586382,-47.235242074885086,-3.5521297791068034,26.790831131340326
2002-04-20,-29.73407357710069,-47.496595937205505,-3.055928934681084,24.548571166888962
2002-04-21,-31.336790978469146,-47.48222858724202,-2.744078834448245,23.989737202059462
2002-04-22,-32.55269585265164,-48.02071387317744,-2.196768327066278,23.03344344340313
2002-04-23,-31.851269418885053,-47.732667519675076,-2.4949523258394315,23.299140097625056
2002-04-24,-31.760878468820103,-46.42093996548855,-2.182186981156458,22.148657810980275
2002-04-25,-33.20726204100545,-45.658084671296265,-2.8162149127554734,21.360459124320837
2002-04-26,-33.05291999186625,-45.9514279270455,-1.8656641964618632,21.261704606041732
2002-04-27,-33.23789476746825,-46.30680641999477,-0.4706741170962445,23.099398759395893
2002-04-28,-33.4387446527783,-45.73569880794358,1.0540993045502274,24.518406167435757
2002-04-29,-34.434998941758984,-45.11030510147229,-0.6583150720414026,25.12028595760619
2002-04-30,-34.808427077398605,-45.42680027041481,-0.2359569962717588,26.401765701836457
2002-05-01,-35.10198954656885,-46.88958054559727,-1.0398302105815294,27.194301133496243
2002-05-02,-35.018541504750715,-46.74862577852137,-1.5377197180393491,26.826680068287732
2002-05-03,-35.123563274179304,-48.1487547733942,-1.3128513715166872,26.73365913630848
2002-05-04,-34.77362001401473,-48.44822771068907,-0.3582280990540455,27.193349338081823
2002-05-05,-35.364405123281074,-48.70443836721469,1.317673235774114,26.951484429104045
2002-05-06,-34.74888827387491,-47.68528732627912,2.115980416046259,27.379542507915346
2002-05-07,-34.04657077427767,-48.21647771851989,-0.26740209594206066,27.300896523899894
2002-05-08,-35.899186350403625,-48.19718805159571,-1.0318348015435268,28.153746447191278
2002-05-09,-36.115941845911934,-47.19281888460255,-1.3790951152170443,27.58626410847341
2002-05-10,-38.42246723506228,-46.435062508005586,-1.5337309212218346,27.2625063617904
2002-05-11,-36.93065170445767,-46.513874093921814,-0.7730471656216189,27.568290567039472
2002-05-12,-37.37191329618367,-48.544187080476064,-1.605365972829992,26.890400547245317
2002-05-13,-36.85798669997103,-48.925234870033364,0.0003912009644162495,27.52066230335542
2002-05-14,-35.43294866742119,-47.86687386086359,-0.22129048289801698,27.271054300502293
2002-05-15,-35.30729335015606,-47.55038586072945,-1.397061072935157,28.67441550456116
2002-05-16,-34.280086215269385,-49.455928914331224,-1.6441783018159046,26.561706094524258
2002-05-17,-34.19878248083568,-49.49735447912761,-0.39327049687326565,26.554758421125392
2002-05-18,-33.239721698036554,-49.608653987513996,-1.586462123107757,27.087519344253423
2002-05-19,-33.56593036071952,-49.5120542387186,-0.6916963411981084,26.589309102289977
2002-05-20,-34.45255226760647,-51.339121932330116,-0.19349178657594956,24.36470290537249
2002-05-21,-37.17028809563269,-51.05466565451559,-0.07674540669822784,23.832159817331302
2002-05-22,-37.561750041042515,-51.90219406637804,-0.004467055529570899,23.303069082280096
2002-05-23,-39.007367983454586,-51.29027519687648,0.2909227144286956,22.76672878750699
2002-05-24,-39.4749009954735,-51.587492981128726,0.46526394446905195,21.63760234207433
2002-05-25,-41.46394451267006,-50.95602463484059,0.8310652517889858,21.237397037799838
2002-05-26,-41.828447030168356,-51.59827917340715,1.1925616193434176,18.103986303785227
2002-05-27,-42.196781985913105,-50.83462873625255,1.7733760066109965,16.581797361855262
2002-05-28,-42.44917654863528,-50.793118290722745,2.3266120742692986,15.647961637167912
2002-05-29,-41.78027369630414,-51.78927125051304,2.887852295751943,16.389715917747722
2002-05-30,-41.173644302891034,-49.77142667890669,4.367834604602154,15.699102115194844
2002-05-31,-41.79636963413336,-51.19144307691866,5.314352410162612,16.067297216819522
2002-06-01,-41.37161167844253,-51.745770417674265,5.533132294927596,16.180547127176855
2002-06-02,-40.09582924957219,-52.29572821410993,5.056879103102361,16.120345020135893
2002-06-03,-39.075542519533684,-52.79282790585202,4.565336504763817,16.78750747275337
2002-06-04,-38.02823861854891,-52.67332547121603,5.099529789304193,17.37574167322782
2002-06-05,-38.48160517483099,-51.56350465910038,5.454941020746795,17.222136894326542
2002-06-06,-39.345308370749336,-52.6445216754739,5.047162240699035,16.262148877393937
2002-06-07,-39.996448016735556,-52.54634622283601,3.296142621570219,15.81057939984368
2002-06-08,-39.76187622583055,-51.84862257618633,3.6282404799400365,16.346267332414225
2002-06-09,-39.88836398198215,-53.54979537435521,5.0415299527098005,17.305301528106344
2002-06-10,-39.58821430288121,-53.17090438724256,4.669260557283235,17.982379993514762
2002-06-11,-41.48753394387262,-53.885123668927946,2.971926036329899,16.994331476368412
2002-06-12,-39.700857952363535,-51.57187032735128,2.2241021427801755,16.105431405479152
2002-06-13,-39.481936120243454,-51.92892224588326,1.3981901157853698,15.22829524882456
2002-06-14,-42.12267276173293,-51.645849138372995,3.1093067377288235,15.80288523034746
2002-06-15,-42.468084566142636,-51.77724900678739,3.524320619823866,15.323954556712346
2002-06-16,-41.55008303992687,-51.71515289138449,3.359560707611501,17.43942018292439
2002-06-17,-40.815596257525094,-53.045356866827966,1.3283316932744471,16.41866014195698
2002-06-18,-42.409986807742705,-53.195891347692175,1.6095671877674065,17.701923097619353
2002-06-19,-41.77836237987207,-52.23619775863649,0.5956868117326961,19.538423576008604
2002-06-20,-41.855909716334104,-51.46776777760307,1.273826257164816,18.882697492035145
2002-06-21,-41.061616603971174,-53.29581921870012,0.6359190162948921,19.831589118564164
2002-06-22,-39.03840665701927,-53.2416549075305,1.1673186599231613,20.78034796302397
2002-06-23,-39.1057013610015,-53.34261121618493,2.8669556021734555,20.155485938053225
2002-06-24,-40.6925002077763,-52.167446497295984,2.9662521220017175,18.841924417001096
2002-06-25,-40.92050213233578,-54.55679476392698,3.106340245150731,19.798539323375426
2002-06-26,-42.459795116643505,-55.25887328729067,3.786396364126047,20.619828116613682
2002-06-27,-41.52034164621134,-55.18930002669512,4.906117266700376,20.656486381574673
2002-06-28,-40.26289914802349,-54.87793057258631,6.98848157053091,20.20573592434812
2002-06-29,-40.73571936238362,-54.030111627325276,6.641698590174574,21.020371413881826
2002-06-30,-40.827097377769554,-53.701615123686,6.80312703091175,22.907288078926396
2002-07-01,-40.36253813699281,-52.72584335988854,6.559043030541586,22.343002152172478
2002-07-02,-41.573131320727335,-51.70278626435143,6.828264796904341,22.382114545696087
2002-07-03,-40.95433950716764,-50.79328593295212,5.701337319248166,21.964433811544954
2002-07-04,-41.104135947086796,-49.97368289218469,4.794544390880098,20.578247306245373
2002-07-05,-42.348463579591645,-50.40473960305667,4.219789277891333,21.209498660537037
2002-07-06,-43.0757326333541,-50.53448038827918,3.3504712504043863,19.896761555760538
2002-07-07,-43.801574433629796,-51.61101940537642,2.745660917846931,19.025885971487348
2002-07-08,-42.51191400412328,-51.21196415856263,2.183098128935718,19.541671888159243
2002-07-09,-41.9239550687941,-51.638299925759085,4.258092170448891,23.231437979561736
2002-07-10,-41.553027552378985,-51.65301365421881,5.199380525375256,21.33388855236113
2002-07-11,-42.79252566493598,-51.79222911813018,6.158181454223534,21.151505115425334
2002-07-12,-42.80444662601871,-52.17637155482461,7.213352748166221,22.159127337082985
2002-07-13,-43.6778816272645,-52.28574331425585,5.598093526165467,23.486492458337253
2002-07-14,-44.03344258032416,-52.88313091111003,6.460080943780086,21.979194903989296
2002-07-15,-43.33790153347381,-52.648358236641506,7.523890834857493,20.77013331075698
2002-07-16,-41.44983233385686,-53.321287672827566,8.566255001953914,21.960605375922892
2002-07-17,-41.090942948425706,-54.469144116657844,9.90110158970231,23.122077502734747
2002-07-18,-42.43958381662707,-54.4344907205118,10.232422592440917,25.965866195728797
2002-07-19,-42.54778429013968,-55.64919089804675,9.639528846183824,25.235018300729013
2002-07-20,-43.91845155698941,-54.60094263251623,9.437493983161,24.759430023110408
2002-07-21,-43.64562412944094,-53.619423116860915,9.621517144295701,24.887951543925677
2002-07-22,-43.08747140776025,-52.8057628581945,9.71272561070915,23.287433238904377
2002-07-23,-43.63625802860993,-52.86124104672853,9.75674149836677,24.942214806250533
2002-07-24,-44.06637714102246,-53.96211829774178,9.622462398404501,24.017717806747775
2002-07-25,-43.6879736074302,-55.235035385393125,8.764211880991866,24.81597329897001
2002-07-26,-45.201857078968196,-55.778435330937384,9.482958127727139,23.89229519657455
2002-07-27,-45.88513546330761,-56.95971924627901,8.877885781894122,25.151187452630243
2002-07-28,-44.69725795170629,-57.290426242789245,9.185720399593194,23.219316119087335
2002-07-29,-44.91502833226222,-57.72331741791112,9.715643808089512,22.031671442996743
2002-07-30,-45.62715543566696,-58.50908664435824,9.722145076169065,21.484299129296208
2002-07-31,-44.87076276236689,-59.054408728621794,9.434290309798817,21.713302767967154
2002-08-01,-44.62249857121131,-59.87941628834369,9.560433367418876,22.489168292723203
2002-08-02,-45.35006794429789,-59.53615308337673,8.72546685763277,21.872251499585452
2002-08-03,-45.16424477203737,-58.40446925553598,8.275442251283804,21.453526868999216
2002-08-04,-44.73737123308523,-56.950075961169176,6.414419049614014,21.582454037953642
2002-08-05,-44.93405810688943,-57.04631311144699,5.757565637557362,22.439845427788555
2002-08-06,-44.722487718057025,-58.10850613349987,4.548334465856234,21.639442020205603
2002-08-07,-43.75031092640103,-60.36958085679856,6.212662679697429,21.363401148480214
2002-08-08,-44.20958501410231,-58.16737352648733,6.754063973554742,21.374451651411327
2002-08-09,-43.500929516112464,-60.71007861451585,6.93925051399408,20.450246921861506
2002-08-10,-41.46183930387616,-59.839771635394804,5.388483366466451,21.320610351031565
2002-08-11,-41.160384890072706,-59.13591421284893,6.103402037989541,22.1957187085198
2002-08-12,-40.34906140453197,-58.157537609340835,4.951675561903369,22.615830177532576
2002-08-13,-39.93883283152234,-59.41069026356962,5.517680449530857,22.750218246833246
2002-08-14,-39.39940388385789,-59.201855180113675,5.4302798724480255,22.842481400387417
2002-08-15,-38.062358712368564,-61.311159431512046,4.163100175827116,23.24988085452533
2002-08-16,-39.046372947263656,-63.41035542462372,3.244442607507069,22.891233539384597
2002-08-17,-39.568252042490066,-62.280679027647395,2.9901375620321464,22.7263243984159
2002-08-18,-40.54022473596524,-62.3461953760799,2.4187657851770195,19.898863606481818
2002-08-19,-39.10700440604886,-62.38626288673616,0.12297831835372808,19.55798443185509
2002-08-20,-38.83102519457372,-62.970044718886506,-0.4599580905415459,19.079213223979103
2002-08-21,-38.38586402817525,-62.54450667663302,-0.89374449557485,17.904483604851023
2002-08-22,-36.62619365898866,-62.18620905759193,-0.4131474525546623,17.42844751817088
2002-08-23,-35.194392790084066,-62.89690954431686,0.6225828002236986,17.556471751463143
2002-08-24,-33.73006752812362,-63.3602156453627,-0.13159558600476973,19.33307731825605
2002-08-25,-33.314192844431304,-63.36265674967208,0.913626402806458,19.85361443784183
2002-08-26,-32.611657377303196,-64.36773148745486,0.39488810775428407,20.77707616626089
2002-08-27,-33.99289364561985,-65.05657857090429,-1.0695175835071151,19.476642919747423
2002-08-28,-32.81578111045909,-66.92156095872522,-1.3559856991525996,17.649467934317574
2002-08-29,-32.26389567105048,-66.70808694610679,-1.3531684949754288,16.452425349306882
2002-08-30,-32.67169985460033,-66.35831888006065,-1.757384279183539,15.734635757763993
2002-08-31,-33.1367505335892,-66.94473139611657,-1.7903707132060653,15.005123064357138
2002-09-01,-32.59545800688093,-67.65428387018417,-2.506808939988039,15.072315648732577
2002-09-02,-32.406584586348956,-67.86371749129466,-2.3136729870893853,15.219061457465417
2002-09-03,-32.870211225198155,-67.16975683483487,-1.7580470322735344,14.316212446361869
2002-09-04,-34.03248972573098,-69.09505229903847,-1.2734150651630303,11.97708807890768
2002-09-05,-32.91209494044483,-70.44325012409122,1.5383572074288347,13.156738411783623
2002-09-06,-33.804967535975614,-72.15302794758027,2.3850269429020607,12.558602445699517
2002-09-07,-32.21001772119019,-72.42759056842597,2.1053146648697907,10.889479740491609
2002-09-08,-31.25184617221911,-72.52482513149148,1.5206868896540133,10.14111969446469
2002-09-09,-30.535126730838467,-72.26198783508735,1.9109128458473514,9.507119633947742
2002-09-10,-31.446851502402286,-72.473754510034,0.9271250403775058,8.785758143549785
2002-09-11,-30.864877171769077,-71.81664715671126,-0.44485077629492076,7.985100778384246
2002-09-12,-29.14413989810931,-72.0722910944613,0.3410831449134776,8.442801720917371
2002-09-13,-29.848193677377367,-74.22233825800643,1.3623138809812154,8.446422950594249
2002-09-14,-30.382113984914206,-76.1129591761253,3.058363704932598,7.0703647816278234
2002-09-15,-31.33692556598071,-77.36897401841956,4.245171321559026,7.530179792088179
2002-09-16,-30.406377338417588,-78.41060727710718,5.475849693224967,6.110572813180484
2002-09-17,-31.0137780224788,-77.74039076096014,6.049453373141448,5.794165664552374
2002-09-18,-31.917642746846834,-78.5205875873135,6.940697402223551,6.100318055821305
2002-09-19,-32.32958709801967,-77.95782000330787,6.615331347899967,8.212820221108096
2002-09-20,-32.66670738233062,-78.80820753682467,7.252611243985272,8.048905938834643
2002-09-21,-33.842036005493966,-79.85740565447526,7.163312454344685,5.555795911920439
2002-09-22,-35.004478159247455,-79.8759958420685,8.021346260512319,5.791321339387003
2002-09-23,-33.95724490797655,-78.9491233224893,6.95418738184695,6.359772295593452
2002-09-24,-32.57827308417668,-81.74786817608454,7.084645355493402,4.471224625449411
2002-09-25,-33.22329743496945,-82.77271318347917,8.474934333777698,5.160794307130731
2002-09-26,-33.069293092911835,-83.48308123603341,8.78090228666939,5.205014022121669
